additional_train_ratio,accuracy
0.2,0.8791936645068394
0.4,0.8843772498200144
0.6,0.8858171346292296
0.8,0.8884089272858171
1.0,0.8921526277897768
