additional_train_ratio,accuracy
0.2,0.8120123971358342
0.4,0.8134017313241424
0.6,0.8032489045634285
0.8,0.8080581382921876
1.0,0.8216308645933526
