{
    "0": {
        "precision": 0.16318537859007834,
        "recall": 0.45126353790613716,
        "f1-score": 0.23969319271332695,
        "support": 277.0
    },
    "1": {
        "precision": 0.9754005502508497,
        "recall": 0.9038692261547691,
        "f1-score": 0.9382735268934381,
        "support": 6668.0
    },
    "accuracy": 0.8858171346292296,
    "macro avg": {
        "precision": 0.5692929644204641,
        "recall": 0.6775663820304532,
        "f1-score": 0.5889833598033826,
        "support": 6945.0
    },
    "weighted avg": {
        "precision": 0.9430055030874179,
        "recall": 0.8858171346292296,
        "f1-score": 0.9104107835431299,
        "support": 6945.0
    }
}