{
    "0": {
        "precision": 0.15702479338842976,
        "recall": 0.41155234657039713,
        "f1-score": 0.22731804586241275,
        "support": 277.0
    },
    "1": {
        "precision": 0.9737899983920244,
        "recall": 0.9082183563287343,
        "f1-score": 0.9398618763094592,
        "support": 6668.0
    },
    "accuracy": 0.8884089272858171,
    "macro avg": {
        "precision": 0.565407395890227,
        "recall": 0.6598853514495657,
        "f1-score": 0.583589961085936,
        "support": 6945.0
    },
    "weighted avg": {
        "precision": 0.9412134740167911,
        "recall": 0.8884089272858171,
        "f1-score": 0.9114422015745661,
        "support": 6945.0
    }
}