{
    "0": {
        "precision": 0.9122012578616352,
        "recall": 0.8638475282906491,
        "f1-score": 0.8873661670235546,
        "support": 8395.0
    },
    "1": {
        "precision": 0.18763326226012794,
        "recall": 0.27442827442827444,
        "f1-score": 0.2228788518362178,
        "support": 962.0
    },
    "accuracy": 0.8032489045634285,
    "macro avg": {
        "precision": 0.5499172600608816,
        "recall": 0.5691379013594617,
        "f1-score": 0.5551225094298862,
        "support": 9357.0
    },
    "weighted avg": {
        "precision": 0.8377078933464434,
        "recall": 0.8032489045634285,
        "f1-score": 0.8190497411167236,
        "support": 9357.0
    }
}