{
    "0": {
        "precision": 0.16189111747851004,
        "recall": 0.40794223826714804,
        "f1-score": 0.2317948717948718,
        "support": 277.0
    },
    "1": {
        "precision": 0.9737473987514007,
        "recall": 0.9122675464907019,
        "f1-score": 0.9420054200542005,
        "support": 6668.0
    },
    "accuracy": 0.8921526277897768,
    "macro avg": {
        "precision": 0.5678192581149554,
        "recall": 0.660104892378925,
        "f1-score": 0.5869001459245362,
        "support": 6945.0
    },
    "weighted avg": {
        "precision": 0.9413666658626186,
        "recall": 0.8921526277897768,
        "f1-score": 0.9136788078342101,
        "support": 6945.0
    }
}