{
    "0": {
        "precision": 0.9110241994622341,
        "recall": 0.8879094699225729,
        "f1-score": 0.899318332629547,
        "support": 8395.0
    },
    "1": {
        "precision": 0.19914893617021276,
        "recall": 0.24324324324324326,
        "f1-score": 0.21899859616284512,
        "support": 962.0
    },
    "accuracy": 0.8216308645933526,
    "macro avg": {
        "precision": 0.5550865678162235,
        "recall": 0.5655763565829081,
        "f1-score": 0.559158464396196,
        "support": 9357.0
    },
    "weighted avg": {
        "precision": 0.8378357840206476,
        "recall": 0.8216308645933526,
        "f1-score": 0.8293741639343489,
        "support": 9357.0
    }
}