{
    "0": {
        "precision": 0.9111524163568773,
        "recall": 0.8758784991066111,
        "f1-score": 0.8931673246279987,
        "support": 8395.0
    },
    "1": {
        "precision": 0.19036519036519037,
        "recall": 0.25467775467775466,
        "f1-score": 0.21787461093819474,
        "support": 962.0
    },
    "accuracy": 0.8120123971358342,
    "macro avg": {
        "precision": 0.5507588033610338,
        "recall": 0.5652781268921829,
        "f1-score": 0.5555209677830968,
        "support": 9357.0
    },
    "weighted avg": {
        "precision": 0.8370477555249863,
        "recall": 0.8120123971358342,
        "f1-score": 0.8237399878138926,
        "support": 9357.0
    }
}