{
    "0": {
        "precision": 0.16020671834625322,
        "recall": 0.44765342960288806,
        "f1-score": 0.23596574690770694,
        "support": 277.0
    },
    "1": {
        "precision": 0.9752066115702479,
        "recall": 0.9025194961007799,
        "f1-score": 0.9374561881766492,
        "support": 6668.0
    },
    "accuracy": 0.8843772498200144,
    "macro avg": {
        "precision": 0.5677066649582505,
        "recall": 0.6750864628518339,
        "f1-score": 0.5867109675421781,
        "support": 6945.0
    },
    "weighted avg": {
        "precision": 0.9427004963185495,
        "recall": 0.8843772498200144,
        "f1-score": 0.909477375760307,
        "support": 6945.0
    }
}