{
    "0": {
        "precision": 0.9113971043187724,
        "recall": 0.8773079213817748,
        "f1-score": 0.894027676620539,
        "support": 8395.0
    },
    "1": {
        "precision": 0.19278996865203762,
        "recall": 0.25571725571725573,
        "f1-score": 0.21983914209115282,
        "support": 962.0
    },
    "accuracy": 0.8134017313241424,
    "macro avg": {
        "precision": 0.552093536485405,
        "recall": 0.5665125885495153,
        "f1-score": 0.5569334093558459,
        "support": 9357.0
    },
    "weighted avg": {
        "precision": 0.8375165801645137,
        "recall": 0.8134017313241424,
        "f1-score": 0.8247138612718942,
        "support": 9357.0
    }
}