{
    "0": {
        "precision": 0.9114602818306522,
        "recall": 0.8706372840976772,
        "f1-score": 0.8905812111612038,
        "support": 8395.0
    },
    "1": {
        "precision": 0.18834080717488788,
        "recall": 0.26195426195426197,
        "f1-score": 0.21913043478260869,
        "support": 962.0
    },
    "accuracy": 0.8080581382921876,
    "macro avg": {
        "precision": 0.54990054450277,
        "recall": 0.5662957730259696,
        "f1-score": 0.5548558229719063,
        "support": 9357.0
    },
    "weighted avg": {
        "precision": 0.837115840811218,
        "recall": 0.8080581382921876,
        "f1-score": 0.8215488667264268,
        "support": 9357.0
    }
}