{
    "0": {
        "precision": 0.1547911547911548,
        "recall": 0.4548736462093863,
        "f1-score": 0.230980751604033,
        "support": 277.0
    },
    "1": {
        "precision": 0.9753710650791062,
        "recall": 0.8968206358728255,
        "f1-score": 0.934448003750293,
        "support": 6668.0
    },
    "accuracy": 0.8791936645068394,
    "macro avg": {
        "precision": 0.5650811099351305,
        "recall": 0.6758471410411059,
        "f1-score": 0.582714377677163,
        "support": 6945.0
    },
    "weighted avg": {
        "precision": 0.9426423919113939,
        "recall": 0.8791936645068394,
        "f1-score": 0.9063903466092543,
        "support": 6945.0
    }
}